8/22/2022,diners-club-enroute,149,17,233-148-3580
12/6/2022,diners-club-enroute,317,9,759-559-5885
3/22/2022,switch,148,9,637-873-0836
9/26/2022,switch,864,20,374-292-0575
2/21/2023,jcb,219,15,906-644-9592
1/26/2023,china-unionpay,944,4,354-291-7683
2/20/2023,maestro,581,9,878-312-0618
11/30/2022,jcb,172,15,479-887-1668
7/5/2022,jcb,356,1,557-307-1744
10/29/2022,solo,881,2,985-794-2062
6/6/2022,jcb,346,12,235-137-0044
8/1/2022,americanexpress,134,5,410-770-7586
11/7/2022,visa,249,17,181-780-1880
2/1/2023,diners-club-carte-blanche,471,11,817-914-1057
8/8/2022,jcb,166,18,479-797-7279
12/12/2022,jcb,90,19,251-640-6688
2/28/2023,china-unionpay,369,19,977-137-5565
11/17/2022,jcb,470,12,384-934-5366
4/21/2022,jcb,948,11,993-874-9175
10/13/2022,jcb,895,10,576-874-0884
